{
  "project_info": {
    "project_number": "1067562406612",
    "firebase_url": "https://bridgae-88051.firebaseio.com",
    "project_id": "bridgae-88051",
    "storage_bucket": "bridgae-88051.appspot.com"
  },
  "client": [
    {
      "client_info": {
        "mobilesdk_app_id": "1:1067562406612:android:fa568e74a2d2bb91",
        "android_client_info": {
          "package_name": "brigade.bnm.bnmbridage"
        }
      },
      "oauth_client": [
        {
          "client_id": "1067562406612-78ijq395j2f7bqrmqu2uale914mbt3fb.apps.googleusercontent.com",
          "client_type": 1,
          "android_info": {
            "package_name": "brigade.bnm.bnmbridage",
            "certificate_hash": "6e346d5eca2992c8c9466df998e6981bb61c1af2"
          }
        },
        {
          "client_id": "1067562406612-v475lugj6o0pocmufbbbj88kpheo613a.apps.googleusercontent.com",
          "client_type": 3
        }
      ],
      "api_key": [
        {
          "current_key": "AIzaSyBZeY6sw_ffA9NvuWOa0AlyCo3Tl_zJx68"
        }
      ],
      "services": {
        "analytics_service": {
          "status": 1
        },
        "appinvite_service": {
          "status": 2,
          "other_platform_oauth_client": [
            {
              "client_id": "1067562406612-v475lugj6o0pocmufbbbj88kpheo613a.apps.googleusercontent.com",
              "client_type": 3
            }
          ]
        },
        "ads_service": {
          "status": 2
        }
      }
    }
  ],
  "configuration_version": "1"
}